Kabupaten/ Kota,new_cases,hospitalization_rate,mortality,testing,tracing_ratio,bed_occupancy_rate,vaksin_umum,vaksin_lansia,ppkm
KOTA JAKARTA PUSAT,3.39,0.98,0.33,2.34,0,4.65,186.81,117.02,2
KOTA SABANG,2.83,,0,2.7,0,0,80.2,82.28,2
KOTA JAKARTA SELATAN,2.54,0.26,0.04,1.97,0,2.81,140.97,128.46,2
KOTA PRABUMULIH,2.51,2.01,0,13.89,0,3.28,83.39,63.86,2
SARMI,2.42,,0,50,0,0,39.51,18.41,3
MOROWALI,2.34,,0,50,0,0,85.24,27.56,3
MALINAU,2.19,,0,22.22,0,0,70.61,67.34,2
KOTA JAKARTA UTARA,2.15,0.64,0,2.27,0,6.63,111.61,86.32,2
KUTAI BARAT,1.98,,0,2.7,0,14.71,87.22,54.95,2
TOJO UNA UNA,1.89,,0,42.86,0,1.59,32.16,22.29,3
BADUNG,1.88,,0,2.28,0,0.26,112.8,76.86,2
KOTA JAKARTA BARAT,1.86,0.26,0,1.8,0,6.39,99.73,85,2
SLEMAN,1.85,1.92,0.15,3.9,0,2.77,89.99,79.13,2
KOTA TOMOHON,1.79,,0,8.33,0,0,82.75,85.11,2
BERAU,1.66,0.83,0.83,3.28,0,6.29,75.01,60.41,2
SITARO,1.48,,0,33.33,0,5.56,62.17,59.42,2
BULUNGAN,1.47,,0,6.67,0,0,75.89,61.21,2
BOVEN DIGOEL,1.38,,0,50,0,0,48.99,18.24,3
BLITAR,1.36,0.26,0,4.48,0,1.6,70.57,71.38,2
KOTA SURAKARTA,1.34,1.92,0.19,2.37,0,10,124.36,91.81,2
KOTA TANGERANG SELATAN,1.27,0.06,0,1.66,0,1.13,81.97,72.49,2
KOTA JAKARTA TIMUR,1.25,0.2,0,1.25,0,3.9,91.01,80.46,2
TOLI TOLI,1.24,1.24,0,37.5,0,10.53,52.73,35.38,3
BENGKALIS,1.22,,0,2.17,0,4.18,69.19,55.71,2
KUTAI TIMUR,1.21,,0,5.1,0,0.71,77.67,73.33,2
KOTA TEGAL,1.2,0.8,0.4,3.9,0,8.29,101.49,67.35,2
JOMBANG,1.17,1.64,0,6.73,0,4.76,71.7,55.46,2
KOTA TARAKAN,1.1,,0,1.2,0,6.18,77.4,64.71,2
KULON PROGO,1.1,0.44,0,3.91,0,6.47,83.77,73.18,2
KOTA SURABAYA,1.09,0.2,0,1.07,0,2.78,106.6,95.36,2
BANGKA TENGAH,1,,0,12.5,0,0,72.78,59.11,2
KOTA JAMBI,0.99,1.81,0,1.77,0,2.94,85.43,63.47,2
MINAHASA UTARA,0.97,,0,10,0,0.14,54.55,52.17,2
KOTA MEDAN,0.94,0.38,0,4.37,0,4.22,80.44,61.26,2
KOTA BALIKPAPAN,0.92,,0,0.5,0,0.67,97.85,78.76,2
KOTA DEPOK,0.91,0.27,0,1.43,0,5.16,71.71,68.02,2
MUARA ENIM,0.89,0.3,0.6,3.39,0,9.69,68.34,50.74,2
MIMIKA,0.89,,0,6.06,0,0,57.79,24.58,3
KOTA YOGYAKARTA,0.88,,0,1.37,0,1.52,197.33,120.01,2
BANGKA,0.87,1.16,0,4.69,0,4.41,70.17,68.09,2
BENGKULU TENGAH,0.85,,0,12.5,0,0,83.63,90.88,2
GUNUNG MAS,0.83,,0,3.85,0,0,61.99,38.25,3
BANGGAI KEPULAUAN,0.83,,0,33.33,0,0,32.37,19.04,3
KOTA MAGELANG,0.82,,0,6.25,0,0.54,129.2,95.02,2
SERDANG BEDAGAI,0.81,0.16,0,20.83,0,2.56,72.21,84.65,2
KOTA BOGOR,0.8,0.98,0,1.11,0,2.26,83.98,75.43,2
KAUR,0.79,,0,10,0,0,80.65,86.32,2
KONAWE,0.79,,0,22.22,0,0,61.91,49.76,2
PULANG PISAU,0.77,,0,2.33,0,0,68.19,56.5,2
KOTA BANDUNG,0.77,0.42,0,1.19,0,2.9,94.85,78.17,2
KOTA MOJOKERTO,0.75,1.51,0,3.7,0,2.69,117.33,77.72,2
MEMPAWAH,0.74,,0,14.29,0,5.1,59.85,48.88,2
DAIRI,0.7,0.7,0,9.52,0,1.46,79.35,75.38,2
KOTA BEKASI,0.69,0.09,0,1.91,0,1.05,77.87,73.93,2
KOTA SORONG,0.69,,0,10,0,0,49.71,29.35,3
MANGGARAI TIMUR,0.67,,0,18.18,0,0,67.22,59.85,2
MANGGARAI BARAT,0.67,,0,11.11,0,0,73.21,65.92,2
DELI SERDANG,0.66,0.04,0,5.76,0,0.15,68.92,84.51,2
NAGEKEO,0.66,,0,4.76,0,0,66.18,55.38,2
PESAWARAN,0.65,0.43,0,3.57,0,4.76,61.16,53.45,2
BANTUL,0.65,0.09,0,2.19,0,1.67,81.08,74.38,2
PENAJAM PASER UTARA,0.62,0.62,0,3.57,0,8.16,76.83,67.37,2
KOLAKA UTARA,0.62,,0,9.09,0,0,58.04,46.95,2
KOTA SUKABUMI,0.6,,0,0.61,0,3.23,91.88,108.09,2
KOTA TEBING TINGGI,0.58,0.58,0,8.33,0,1.59,80.05,109.76,2
KOTA DENPASAR,0.58,0.67,0,1.47,0,2.44,142.43,98.77,2
NAGAN RAYA,0.58,,0,25,0,0,69,66.92,2
BUOL,0.58,,0,50,0,0,55.19,39.62,3
KOTA SAMARINDA,0.57,0.34,0,1.12,0,1.79,82.58,76.39,2
BARRU,0.57,,0,11.11,0,0,64,43.03,2
NGANJUK,0.56,0.09,0,1.31,0,1.36,73.25,59.33,2
KOTA MADIUN,0.56,1.68,0,1.33,0,17.14,102.18,70.99,2
KATINGAN,0.56,,0,2.63,0,0,76.08,64.04,2
KLUNGKUNG,0.55,,0,1.1,0,0,90.82,84.77,2
KOTA SERANG,0.55,,0,3.85,0,1.87,71.53,48.41,2
KAPUAS,0.54,0.27,0,1.21,0,2.65,75.45,94.02,2
TOBA SAMOSIR,0.54,,0,5,0,0,84.6,77.66,2
KOTA BANDAR LAMPUNG,0.53,0.71,0,1.62,0,0.39,79.03,55.95,2
KOTA BONTANG,0.53,,0,2.04,0,0,81.29,75.51,2
BEKASI,0.53,0.14,0,2.66,0,1.46,72.49,65.75,2
KOTA BANJAR,0.53,0.53,0,1.79,0,0,75.75,66.54,2
KOTA BENGKULU,0.52,0.52,0,4,0,2.38,69.91,53.28,2
KOTA PALEMBANG,0.51,0.51,0.06,1.69,0,5.7,73.32,53.6,2
HUMBANG HASUNDUTAN,0.51,,0,12.5,0,0,88.05,86.14,2
KOTA PEKANBARU,0.5,0.58,0,1.99,0,1.86,89.17,63.16,2
PENUKAL ABAB LEMATANG ILIR,0.5,,0,3.13,0,0,69.73,50.58,2
TANGERANG,0.5,0.07,0,1.69,0,1.61,68.26,84.33,2
MUSI RAWAS UTARA,0.5,,0,6.25,0,0,78.99,105.68,2
KOTA SALATIGA,0.49,,0,9.09,0,0,104.27,70.8,2
KOTA PALU,0.49,0.73,0,2.33,0,1.61,74.09,47.24,2
KOTA PASURUAN,0.49,,0,0.49,0,0,96.32,78.17,2
TULUNGAGUNG,0.47,0.09,0,5.38,0,1.21,71.32,59.02,2
KOTA KENDARI,0.47,,0,3.92,0,0,69.09,45.95,2
KARANGASEM,0.47,0.24,0,1.83,0,3.17,80.48,73.88,2
MINAHASA SELATAN,0.47,,0,7.69,0,2.78,56.42,55.87,2
BANGKA SELATAN,0.47,,0,0.46,0,0,71.39,63.08,2
LAMPUNG TIMUR,0.46,,0,5.26,0,2.52,55.36,46.06,2
KOTA MANADO,0.46,0.23,0,3.64,0,0.43,88.54,68.54,2
PONOROGO,0.46,0.11,0,6.45,0,17.27,71.68,62.05,2
KOTA TANJUNG PINANG,0.45,,0,0.92,0,3.03,86.06,86.29,2
SOPPENG,0.43,,0,14.29,0,0,70.72,55.98,2
WAY KANAN,0.43,,0,8.7,0,0,74.71,64.49,2
LOMBOK UTARA,0.43,,0,6.67,0,0,83.12,84.79,2
KOTA TANGERANG,0.43,0.21,0,0.6,0,1.36,82.37,71.88,2
KOTA PADANGSIDIMPUAN,0.42,,0,14.29,0,0,71.35,70.69,2
SUMEDANG,0.42,,0,3.33,0,0.69,75.28,72.49,2
KOTA KUPANG,0.42,,0,0.63,0,0.31,78.65,62.74,2
TORAJA UTARA,0.42,,0,6.25,0,5.71,69.58,63.63,2
KARIMUN,0.41,,0,1.85,0,0,78.33,61.02,2
PURWAKARTA,0.41,0.1,0,1.19,0,3.87,72.74,74.69,2
BANDUNG BARAT,0.41,0.06,0,1.32,0,1.55,73.47,96.44,2
ASAHAN,0.4,0.27,0,10,0,2.22,72.67,82.44,2
EMPAT LAWANG,0.38,0.38,0,5.88,0,5,70.28,86.33,2
LAMPUNG SELATAN,0.38,,0,4,0,0,65.38,63.87,2
KOTA PEMATANGSIANTAR,0.38,0.38,0,3.33,0,2.45,83.91,72.6,2
DOMPU,0.37,,0,2.04,0,0,84.23,71.3,2
HULU SUNGAI TENGAH,0.36,,0,0.35,0,3.25,70.01,64.78,2
TULANG BAWANG BARAT,0.36,,0,6.67,0,0,73.05,70.42,2
BOGOR,0.35,0.14,0,1.03,0,3.49,71.86,89.82,2
KOTA BANJARBARU,0.35,,0,1.72,0,2.17,81.21,72.42,2
KOTA KEDIRI,0.34,,0,1.04,0,0,118.44,66.09,2
SIDOARJO,0.33,0.13,0,1.02,0,1.18,76.47,64.07,2
PADANG LAWAS UTARA,0.33,,0,33.33,0,0,81.77,102.32,2
KOTA PALANGKARAYA,0.33,,0.33,0.37,0,11.37,91.9,66.17,2
SUKOHARJO,0.33,0.22,0,1.12,0,3.65,80.19,67.78,2
KAMPAR,0.33,,0,1.88,0,3.57,63.95,56.31,2
KOTA CIMAHI,0.33,0.82,0,1.16,0,9.09,87.67,73.47,2
TAPANULI UTARA,0.32,,0,4.35,0,0,85.1,81.5,2
DONGGALA,0.32,,0,5.26,0,0,47.95,37.55,3
LAMPUNG BARAT,0.32,,0,5.88,0,0,71.78,58.14,2
LAMPUNG UTARA,0.32,0.16,0,5.71,0,1.98,65.08,54.58,2
LUWU TIMUR,0.32,0.32,0,8.33,0,0.7,70.08,59.6,2
KOTA DUMAI,0.32,,0,2.04,0,0.27,73.06,53.4,2
LUWU UTARA,0.31,,0,12.5,0,16.67,55.71,67.59,2
KUANTAN SINGINGI,0.31,,0,2.94,0,0,67.13,59.11,2
SIKKA,0.31,0.31,0,1.11,0,3.13,69.61,53.52,2
KONAWE SELATAN,0.3,,0,7.14,0,0,52.13,43.16,2
MUSI BANYUASIN,0.29,0.15,0,2.67,0,0.39,67.93,48.08,2
MINAHASA,0.29,0.29,0,4.35,0,1.85,53.59,53.57,2
TANAH LAUT,0.28,,0,7.14,0,0,68.55,60.73,2
LABUHANBATU SELATAN,0.27,,0,9.09,0,0,72.42,87.56,2
LABUHANBATU UTARA,0.27,,0,10,0,0,78.43,85.23,2
MOJOKERTO,0.26,,0,1.38,0,5.24,77.8,63.85,2
BUNGO,0.26,,0,1.37,0,0,64.31,53.76,2
KUTAI KARTANEGARA,0.25,,0,0.25,0,5.26,71.25,56.34,2
WAJO,0.24,,0,20,0,0,53.81,41.61,2
PRINGSEWU,0.24,0.24,0,1.27,0,1.21,66.99,52.24,2
SIMALUNGUN,0.23,0.11,0,4.26,0,4.08,68.08,72.58,2
POLEWALI MANDAR,0.22,0.22,0,1.89,0,4.81,47.13,36.41,3
OGAN ILIR,0.22,,0,2.17,0,0,68.39,58.39,2
KARO,0.22,,0,7.69,0,0,83.66,78.06,2
KARANGANYAR,0.22,,0,1.26,0,0.64,83.77,77.66,2
TASIKMALAYA,0.22,,0,2.26,0,0,73.51,88.45,2
TABANAN,0.22,,0,0.3,0,0.62,94.08,88.57,2
MUARO JAMBI,0.21,,0,1.06,0,0,68.37,65.81,2
TIMOR TENGAH SELATAN,0.21,,0,2.38,0,0,56.09,44.32,2
KARAWANG,0.21,,0,0.78,0,0.27,74.53,75.29,2
KOTA SEMARANG,0.21,0.05,0,0.92,0,0.77,105.21,83.04,2
TEGAL,0.21,,0,3.95,0,0.29,60.75,63.92,2
BANDUNG,0.21,,0,0.73,0,5.26,73.25,92.04,2
PASAMAN BARAT,0.21,,0,7.69,0,29.84,71.82,87.82,2
BOYOLALI,0.2,,0.1,1.37,0,0.1,80.17,69.47,2
SIAK,0.19,,0,1.49,0,0,69.56,66.06,2
BIMA,0.19,,0,3.7,0,0,83.3,96.7,2
KEDIRI,0.19,,0,0.8,0,2.67,69.38,56.73,2
GARUT,0.19,,0,0.76,0,0.9,76.65,121.98,2
SAMBAS,0.18,,0,0.76,0,0,65.04,48.81,2
PASURUAN,0.18,,0,0.58,0,0,65.62,64,2
CIREBON,0.18,0.09,0,0.69,0,1.76,80.14,114.96,2
CILACAP,0.17,,0,8.82,0,9.88,73.86,73.04,2
KEBUMEN,0.17,,0,6.06,0,0.15,69.18,62.5,2
PANDEGLANG,0.16,,0,1.55,0,0,62.84,71.03,2
MAGETAN,0.16,,0,0.31,0,0.56,74.73,64.81,2
PEMALANG,0.15,,0,1.56,0,0,63.23,61.95,2
KOTA PONTIANAK,0.15,0.15,0,1.1,0,1.03,75.54,53.54,2
BULELENG,0.15,,0,0.51,0,5.48,77.17,64.18,2
GRESIK,0.15,,0,0.31,0,1.08,78.39,61.91,2
MADIUN,0.15,,0,0.64,0,0,66.97,60.23,2
KOTA TASIKMALAYA,0.15,,0,0.61,0,1.08,76.25,80.68,2
TRENGGALEK,0.14,,0,1.16,0,0,70.54,65.14,2
BATANG,0.13,,0,4.17,0,25.27,65.79,63.82,2
GUNUNGKIDUL,0.13,0.25,0,0.95,0,0.58,80.11,72.69,2
TEMANGGUNG,0.13,,0,1.69,0,3.27,76.17,64.09,2
WONOSOBO,0.13,,0,1.79,0,0.21,70.79,65.37,2
BANYUWANGI,0.12,,0,1.04,0,0.97,73.31,64.58,2
BANYUMAS,0.12,,0,4.35,0,0.19,79.84,73.64,2
BANYUASIN,0.11,,0,0.78,0,0.99,63.07,49.89,2
PURBALINGGA,0.1,,0,1.79,0,0.53,76.08,66.85,2
KOTA PADANG,0.1,0.1,0,1.23,0,0.25,80.49,105.41,2
BANGKALAN,0.1,0.1,0,0.53,0,0.43,68.31,75.05,2
SUMENEP,0.09,,0,0.5,0,0,76.16,90.66,2
LAMONGAN,0.08,,0,0.44,0,0.14,72.55,64.01,2
MAJALENGKA,0.08,,0,0.57,0,0,74.7,70.56,2
LOMBOK TIMUR,0.08,,0,6.67,0,0,77.87,68.75,2
SERANG,0.07,,0,0.66,0,0,56.73,81.19,2
SUBANG,0.06,,0,0.7,0,0,76.75,80.93,2
KOTA BATAM,0.06,,0,0.6,0,0,92.19,81.14,2
INDRAMAYU,0.06,,0,0.35,0,2.13,74.29,80.52,2
SUKABUMI,0.04,,0,0.14,0,0,74.55,111.56,2
MALANG,0.04,,0.04,0.18,0,0.06,70.99,57.35,2
YALIMO,0,,0,0,0,,1.41,0.24,3
YAHUKIMO,0,,0,0,0,0,1.45,0.27,3
WONOGIRI,0,,0,0,0,0.92,77.92,82.63,2
WAROPEN,0,,0,0,0,,18.35,5.81,3
WAKATOBI,0,,0,0,0,0,53.01,61.11,2
TULANG BAWANG,0,,0,0,0,0,67.86,61.95,2
TUBAN,0,0.08,0,0,0,0.62,71.43,68.13,2
TOLIKARA,0,,0,0,0,0,1.53,0.04,3
TIMOR TENGAH UTARA,0,,0,0,0,0,67.8,51.74,2
TELUK WONDAMA,0,,0,0,0,0,40.67,27.04,3
TELUK BINTUNI,0,,0,0,0,0,39.48,27.54,3
TEBO,0,,0,0,0,0,76.08,69.18,2
TAPIN,0,,0,0,0,0,74.34,93.8,2
TAPANULI TENGAH,0,,0,0,0,0,72.73,84.67,2
TAPANULI SELATAN,0,,0,0,0,0,79.55,84.08,2
TANJUNG JABUNG TIMUR,0,,0,0,0,0,75.47,62.98,2
TANJUNG JABUNG BARAT,0,,0,0,0,0,73.03,57.68,2
TANGGAMUS,0,,0,0,0,0,60.22,51.06,2
TANAH DATAR,0,,0,0,0,0,60.39,70.56,2
TANAH BUMBU,0,0.24,0,0,0,1.06,72.69,60.96,2
TANA TORAJA,0,,0,0,0,0,69.33,62.84,2
TANA TIDUNG,0,,0,0,0,0,77.65,71.85,1
TAMBRAUW,0,,0,0,0,0,11.1,4.59,3
TAKALAR,0,,0,0,0,0,55.36,44.19,2
TABALONG,0,,0,0,0,3.85,67.48,66.97,2
SUPIORI,0,,0,0,0,0,21.28,6.17,3
SUMBAWA BARAT,0,,0,0,0,0,78.85,68.25,2
SUMBAWA,0,0.21,0,0,0,0.6,72.52,66.14,2
SUMBA TIMUR,0,,0,0,0,0,62.55,36.8,3
SUMBA TENGAH,0,,0,0,0,0,63.69,46.75,2
SUMBA BARAT DAYA,0,,0,0,0,0,58.99,51.93,2
SUMBA BARAT,0,,0,0,0,0,60.51,40.92,2
SUKAMARA,0,,0,0,0,0,84.11,58.93,2
SRAGEN,0,,0,0,0,12.13,79.08,74.49,2
SORONG SELATAN,0,,0,0,0,0,26.82,10.57,3
SORONG,0,,0,0,0,5.56,53.04,31.62,3
SOLOK SELATAN,0,,0,0,0,0,60.1,48.41,2
SOLOK,0,,0,0,0,0,48.56,69.57,3
SITUBONDO,0,,0,0,0,0,72.58,89.09,2
SINTANG,0,0.23,0,0,0,1,66.37,54.67,2
SINJAI,0,,0,0,0,0,54.34,49.34,2
SIMEULUE,0,,0,0,0,0,77.06,83.12,2
SIJUNJUNG,0,,0,0,0,0,63.59,73.73,2
SIGI,0,,0,0,0,0,52.28,41.09,2
SIDENRENG RAPPANG,0,,0,0,0,0,61.9,44.2,2
SERUYAN,0,,0,0,0,0,74.66,47.36,2
SERAM BAGIAN TIMUR,0,,0,0,0,0,27.16,37.02,3
SERAM BAGIAN BARAT,0,,0,0,0,0,24.51,15.53,3
SEMARANG,0,,0,0,0,0,79.44,74.61,2
SELUMA,0,,0,0,0,0,64.98,63.44,2
SEKADAU,0,,0,0,0,0.36,70.89,49.58,2
SAROLANGUN,0,,0,0,0,0,65.89,70.17,2
SANGGAU,0,,0,0,0,0,74.23,55.05,2
SAMPANG,0,,0,0,0,0,76.14,105.11,2
SAMOSIR,0,,0,0,0,0,93.57,92.97,2
SABU RAIJUA,0,,0,0,0,0,58.38,45.13,2
ROTE NDAO,0,,0,0,0,0,54.64,45.3,2
ROKAN HULU,0,,0,0,0,0,70.13,66.98,2
ROKAN HILIR,0,,0,0,0,39.5,73.69,64.82,2
REMBANG,0,,0,0,0,19.35,66.49,55.43,2
REJANG LEBONG,0,,0,0,0,0,68.26,61.2,2
RAJA AMPAT,0,,0,0,0,0,37.93,23.51,3
PURWOREJO,0,,0,0,0,0,74.22,70.15,2
PUNCAK JAYA,0,,0,0,0,0,2.21,0.16,3
PUNCAK,0,,0,0,0,,2.13,0.28,3
PULAU TALIABU,0,,0,0,0,0,42.44,47.51,3
PULAU MOROTAI,0,,0,0,0,0,62.15,64.11,2
PROBOLINGGO,0,,0,0,0,0,66.5,64.57,2
POSO,0,,0,0,0,0,54.61,46.91,2
PINRANG,0,,0,0,0,0,61.53,56.95,2
PIDIE JAYA,0,,0,0,0,0,73.37,64.39,2
PIDIE,0,,0,0,0,0,74.31,68.6,2
PESISIR SELATAN,0,,0,0,0,0,57.82,64.13,2
PESISIR BARAT,0,,0,0,0,0,65.67,60.23,2
PELALAWAN,0,,0.18,0,0,0,71.56,69,2
PEKALONGAN,0,,0,0,0,7.43,66.43,51.64,2
PEGUNUNGAN BINTANG,0,,0,0,0,0,6.74,0.23,3
PEGUNUNGAN ARFAK,0,,0,0,0,,1.72,1.01,3
PATI,0,,0,0,0,0,69.44,62.16,2
PASER,0,,0,0,0,0,72.48,54.62,2
PASANGKAYU,0,,0,0,0,0,49.8,51.58,3
PASAMAN,0,,0,0,0,0,69.03,81.74,2
PARIGI MOUTONG,0,,0,0,0,0,45.08,37.07,3
PANIAI,0,,0,0,0,0,3.31,0.72,3
PANGKAJENE KEPULAUAN,0,,0,0,0,0,65.31,47.3,2
PANGANDARAN,0,,0,0,0,0,71.06,78.38,2
PAMEKASAN,0,,0,0,0,0,48.2,78.43,3
PAKPAK BHARAT,0,,0,0,0,0,87.27,87.62,2
PAHUWATO,0,,0,0,0,0,58.04,50.9,2
PADANG PARIAMAN,0,,0,0,0,0,60.37,54.07,2
PADANG LAWAS,0,,0,0,0,0,87.62,101.32,2
PACITAN,0,0.18,0,0,0,0.57,74.56,62.51,2
OGAN KOMERING ULU TIMUR,0,,0,0,0,0,69.03,53.66,2
OGAN KOMERING ULU SELATAN,0,,0,0,0,0,72.8,73.76,2
OGAN KOMERING ULU,0,,0.26,0,0,0,69.81,53.99,2
OGAN KOMERING ILIR,0,,0,0,0,6.67,63.06,64.25,2
NUNUKAN,0,,0,0,0,0,68.61,57.4,2
NIAS UTARA,0,,0,0,0,0,68.18,100.95,2
NIAS SELATAN,0,,0,0,0,0,69.93,96.01,2
NIAS BARAT,0,,0,0,0,0,66.91,77.64,2
NIAS,0,,0,0,0,0,71.11,72.16,2
NGAWI,0,,0,0,0,0.87,72.7,65.75,2
NGADA,0,,0,0,0,0,66.35,49,2
NDUGA,0,,0,0,0,,3.29,3.79,3
NATUNA,0,,0,0,0,0,80.25,64.66,2
NABIRE,0,,0,0,0,0,42.11,28.27,3
MUSI RAWAS,0,,0,0,0,0.6,68.59,67.07,2
MURUNG RAYA,0,,0,0,0,2.7,64.2,47.8,2
MUNA BARAT,0,,0,0,0,0,57.38,49.57,2
MUNA,0,,0,0,0,0,49.81,39.68,3
MUKO MUKO,0,,0,0,0,0,54.81,45.29,2
MOROWALI UTARA,0,,0,0,0,0,61.89,44.46,2
MINAHASA TENGGARA,0,,0,0,0,0,67.74,73.1,2
MESUJI,0,,0,0,0,0,70.12,72.95,2
MERAUKE,0,,0,0,0,0,64.28,36.89,3
MERANGIN,0,,0,0,0,0,57.44,50.07,2
MELAWI,0,,0,0,0,0,61.41,45.48,2
MAYBRAT,0,,0,0,0,,6.64,1.11,3
MAROS,0,,0,0,0,0,53.46,45.13,2
MAPPI,0,,0,0,0,0,34.05,22.45,3
MANOKWARI SELATAN,0,,0,0,0,0,24.84,16.52,3
MANOKWARI,0,,0,0,0,0,57.83,27.76,3
MANGGARAI,0,,0,0,0,0,69.61,46.88,2
MANDAILING NATAL,0,,0,0,0,0,71.81,74.28,2
MAMUJU TENGAH,0,,0,0,0,0,45.05,68.69,3
MAMUJU,0,,0,0,0,0,50.28,45.3,2
MAMBERAMO TENGAH,0,,0,0,0,0,2.84,1.07,3
MAMBERAMO RAYA,0,,0,0,0,,5.51,0.86,3
MAMASA,0,,0,0,0,0,62.07,62.73,2
MALUKU TENGGARA,0,,0,0,0,0,48.32,42.76,3
MALUKU TENGAH,0,,0,0,0,1.2,35.22,27.01,3
MALUKU BARAT DAYA,0,,0,0,0,0,50.34,32.68,3
MALAKA,0,,0,0,0,0,58.29,48.52,2
MAJENE,0,,0,0,0,0,47.92,57.47,3
MAHAKAM ULU,0,,0,0,0,0,71.64,85.25,2
MAGELANG,0,,0,0,0,0,68.96,60.95,2
LUWU,0,,0,0,0,0,70.24,84.05,2
LUMAJANG,0,,0,0,0,0,58.8,53.54,2
LOMBOK TENGAH,0,,0,0,0,0,74.71,73.9,2
LOMBOK BARAT,0,,0,0,0,0.2,70.4,65.76,2
LINGGA,0,,0,0,0,0,57.22,83.27,2
LIMA PULUH KOTA,0,,0,0,0,0,71.62,88.36,2
LEMBATA,0,,0,0,0,0,71.57,61.82,2
LEBONG,0,,0,0,0,0,72.21,67.19,2
LEBAK,0,,0,0,0,0,62.03,80.48,2
LANNY JAYA,0,,0,0,0,0,1.07,0.12,3
LANGKAT,0,,0,0,0,0,75.66,76.45,2
LANDAK,0,,0,0,0,0,70.23,57.12,2
LAMPUNG TENGAH,0,,0,0,0,2.96,63.37,81.82,2
LAMANDAU,0,,0,0,0,0.48,81.42,61.2,2
LAHAT,0,,0,0,0,15.71,71.45,71.74,2
LABUHANBATU,0,0.19,0,0,0,0,69.64,74.77,2
KUPANG,0,,0,0,0,0,55.13,42.19,2
KUNINGAN,0,,0,0,0,0,77.4,88.88,2
KUDUS,0,,0,0,0,0.11,76.92,66.21,2
KUBU RAYA,0,,0,0,0,0,58.29,44.34,2
KOTAWARINGIN TIMUR,0,0.21,0,0,0,0,72.37,50.59,2
KOTAWARINGIN BARAT,0,,0,0,0,0,87.83,68.56,2
KOTABARU,0,,0,0,0,7.14,68.28,63.41,2
KOTA TUAL,0,,0,0,0,0,42.21,32.43,3
KOTA TIDORE KEPULAUAN,0,,0,0,0,0,43.29,26.06,3
KOTA TERNATE,0,,0,0,0,0,58.83,29.89,3
KOTA TANJUNG BALAI,0,,0,0,0,0,72.61,78.06,2
KOTA SUNGAI PENUH,0,,0,0,0,0,68.27,53.47,2
KOTA SUBULUSSALAM,0,,0,0,0,0,75.54,97.32,2
KOTA SOLOK,0,,0,0,0,11.11,108.33,186.77,2
KOTA SINGKAWANG,0,,0,0,0,0,73.3,50.59,2
KOTA SIBOLGA,0,,0,0,0,0,100.04,81.69,2
KOTA SAWAHLUNTO,0,,0,0,0,0,87.9,87.77,2
KOTA PROBOLINGGO,0,,0,0,0,0,76.56,55.27,2
KOTA PEKALONGAN,0,,0,0,0,0,82.58,64.72,2
KOTA PAYAKUMBUH,0,,0,0,0,3.01,82.51,99.06,2
KOTA PARIAMAN,0,,0,0,0,0,90.66,120.11,2
KOTA PARE PARE,0,,0,0,0,0,72.45,55.85,2
KOTA PANGKAL PINANG,0,0.92,0,0,0,2.22,84.55,80.14,2
KOTA PALOPO,0,,0,0,0,0,65.55,48.82,2
KOTA PAGAR ALAM,0,,0,0,0,0,66.58,55.44,2
KOTA PADANG PANJANG,0,,0,0,0,0,123.17,300.86,2
KOTA METRO,0,1.13,0,0,0,1.05,104.45,69.1,2
KOTA MATARAM,0,,0,0,0,0,81.95,54.57,2
KOTA MALANG,0,,0,0,0,1.96,100.62,66.9,2
KOTA MAKASSAR,0,,0,0,0,0.44,71.9,46.55,2
KOTA LUBUK LINGGAU,0,,0,0,0,0,64.97,47.87,2
KOTA LHOKSEUMAWE,0,,0,0,0,0,79.34,70.34,2
KOTA LANGSA,0,,0,0,0,0,78.81,72.78,2
KOTA KOTAMOBAGU,0,,0,0,0,0,65.4,51.09,2
KOTA JAYAPURA,0,,0,0,0,6.13,57.36,29.77,3
KOTA GUNUNGSITOLI,0,,0,0,0,0,81.64,79.12,2
KOTA GORONTALO,0,,0,0,0,0,69.44,45.83,2
KOTA CIREBON,0,,0,0,0,0,92.18,70.2,2
KOTA CILEGON,0,,0,0,0,0,76.93,52.06,2
KOTA BUKITTINGGI,0,,0,0,0,0,81.58,110.16,2
KOTA BLITAR,0,,0,0,0,0,110.12,80.45,2
KOTA BITUNG,0,,0,0,0,1.61,72.61,65.79,2
KOTA BINJAI,0,,0,0,0,0,81.29,84.17,2
KOTA BIMA,0,,0,0,0,0,74.88,79.21,2
KOTA BAU BAU,0,,0,0,0,3.33,58.84,33.61,3
KOTA BATU,0,,0,0,0,0.3,91.5,67.4,2
KOTA BANJARMASIN,0,0.14,0,0,0,0.6,70.51,48.95,2
KOTA BANDA ACEH,0,,0,0,0,1.54,86.45,65.27,2
KOTA AMBON,0,,0,0,0,0.42,73.31,59.78,2
KONAWE UTARA,0,,0,0,0,0,70.2,49.51,2
KONAWE KEPULAUAN,0,,0,0,0,0,50.13,40.57,2
KOLAKA TIMUR,0,,0,0,0,0,49.52,40.55,3
KOLAKA,0,,0,0,0,0,66.49,53.47,2
KLATEN,0,,0,0,0,0.8,80.58,75.54,2
KETAPANG,0,,0,0,0,0,61.88,36.61,3
KERINCI,0,,0,0,0,,68.89,68.38,2
KEPULAUAN YAPEN,0,,0,0,0,,19.75,6.9,3
KEPULAUAN TANIMBAR,0,,0,0,0,0,50.07,42.79,2
KEPULAUAN TALAUD,0,,0,0,0,0,52.45,52.83,2
KEPULAUAN SULA,0,,0,0,0,0,37.31,25.03,3
KEPULAUAN SERIBU,0,,0,0,0,0,122.7,96.32,1
KEPULAUAN SELAYAR,0,,0,0,0,0,54.07,67.08,2
KEPULAUAN SANGIHE,0,,0,0,0,0,46.52,35.9,3
KEPULAUAN MERANTI,0,,0,0,0,1.43,74.55,75.09,2
KEPULAUAN MENTAWAI,0,,0,0,0,0,52.31,49.35,2
KEPULAUAN ARU,0,,0,0,0,0,48.21,30.96,3
KEPULAUAN ANAMBAS,0,,0,0,0,0,73.21,49.65,2
KEPAHIANG,0,,0,0,0,0,66.96,61.17,2
KENDAL,0,,0,0,0,0,75.55,61.74,2
KEEROM,0,,0,0,0,0,51.61,40.99,2
KAYONG UTARA,0,,0,0,0,0,61.62,59.62,2
KAPUAS HULU,0,,0,0,0,0,58.66,43.66,2
KAIMANA,0,,0,0,0,0,30.94,17.77,3
JEPARA,0,,0,0,0,0.44,71.2,67.4,2
JENEPONTO,0,,0,0,0,0,54.75,63.55,2
JEMBRANA,0,,0,0,0,0,85.31,80.02,2
JEMBER,0,,0,0,0,2.36,65.33,66.95,2
JAYAWIJAYA,0,,0,0,0,0,12.27,3.06,3
JAYAPURA,0,,0,0,0,0,49.94,25.82,3
INTAN JAYA,0,,0,0,0,0,2.41,0.63,3
INDRAGIRI HULU,0,,0,0,0,0.29,66.96,59.11,2
INDRAGIRI HILIR,0,,0,0,0,0,71.46,67.16,2
HULU SUNGAI UTARA,0,,0,0,0,0,69.84,67.07,2
HULU SUNGAI SELATAN,0,,0,0,0,0,69.12,68.91,2
HALMAHERA UTARA,0,,0,0,0,0,67.71,74.8,2
HALMAHERA TIMUR,0,,0,0,0,0,63.27,61.79,2
HALMAHERA TENGAH,0,,0,0,0,0,108.58,35.43,3
HALMAHERA SELATAN,0,,0,0,0,0,67.58,91.12,2
HALMAHERA BARAT,0,,0,0,0,0,37.78,39.52,3
GROBOGAN,0,,0,0,0,0,74.65,68.66,2
GOWA,0,,0,0,0,0,53.88,41.63,2
GORONTALO UTARA,0,,0,0,0,0,61.47,47.78,2
GORONTALO,0,,0,0,0,9.38,63.72,51.53,2
GIANYAR,0,,0,0,0,0.1,90.44,62.7,2
GAYO LUES,0,,0,0,0,0,75.73,74.47,2
FLORES TIMUR,0,0.38,0,0,0,13.51,64.78,48.82,2
FAK FAK,0,,0,0,0,100,51.43,32.98,3
ENREKANG,0,,0,0,0,0,60.97,49.53,2
ENDE,0,,0,0,0,3.92,68.2,46.86,2
DOGIYAI,0,,0,0,0,,1.64,1.64,3
DHARMASRAYA,0,,0,0,0,0,66.15,79.05,2
DEMAK,0,,0,0,0,0.35,71.58,66.99,2
DEIYAI,0,,0,0,0,,2.7,0.56,3
CIANJUR,0,,0,0,0,2.26,82.63,102.77,2
CIAMIS,0,0.08,0,0,0,0.09,74.17,94.91,2
BUTON UTARA,0,,0,0,0,0,57.39,48.98,2
BUTON TENGAH,0,,0,0,0,0,53.79,41.45,2
BUTON SELATAN,0,,0,0,0,0,58.83,45.79,2
BUTON,0,,0,0,0,0,53.42,41.86,2
BURU SELATAN,0,,0,0,0,0,38.36,30.38,3
BURU,0,,0,0,0,0,45.25,37.09,3
BULUKUMBA,0,,0,0,0,0,55.25,51.3,2
BREBES,0,0.11,0,0,0,2.1,66.12,73.62,2
BONE BOLANGO,0,,0,0,0,0,60.19,49.21,2
BONE,0,,0,0,0,0,60.52,54.26,2
BONDOWOSO,0,,0,0,0,0,71.29,85.99,2
BOMBANA,0,,0,0,0,0,57.32,38.72,3
BOLAANG MONGONDOW UTARA,0,,0,0,0,0,53.86,40.32,2
BOLAANG MONGONDOW TIMUR,0,,0,0,0,,47.03,37.97,3
BOLAANG MONGONDOW SELATAN,0,,0,0,0,0,50.37,36.52,3
BOLAANG MONGONDOW,0,,0,0,0,0,49.92,42.7,3
BOJONEGORO,0,,0,0,0,0,75.44,66.19,2
BOALEMO,0,,0,0,0,0,62.79,56.51,2
BLORA,0,,0,0,0,0,74.24,70.69,2
BIREUEN,0,,0,0,0,0,68.89,64.39,2
BINTAN,0,,0,0,0,1.67,84.06,56.21,2
BIAK NUMFOR,0,,0,0,0,0,43.2,19.54,3
BENGKULU UTARA,0,,0,0,0,20,70.43,66.41,2
BENGKULU SELATAN,0,,0,0,0,0,74.75,79.49,2
BENGKAYANG,0,,0,0,0,0,62.16,44.98,2
BENER MERIAH,0,,0,0,0,0,92.28,104.36,2
BELU,0,,0,0,0,0,67.37,50.82,2
BELITUNG TIMUR,0,,0,0,0,0,84.33,81.41,2
BELITUNG,0,,0,0,0,0,83.58,67.25,2
BATU BARA,0,,0,0,0,0,79.91,85.18,2
BATANGHARI,0,,0,0,0,0,63.2,48.95,2
BARITO UTARA,0,,0,0,0,2.38,70.76,51.97,2
BARITO TIMUR,0,,0,0,0,0,76.08,61.13,2
BARITO SELATAN,0,,0,0,0,0,70.73,66.12,2
BARITO KUALA,0,,0,0,0,0,64.98,69.3,2
BANTAENG,0,,0,0,0,0,55.8,52.73,2
BANJARNEGARA,0,,0,0,0,0,73.38,70.67,2
BANJAR,0,,0,0,0,0,60.5,58.77,2
BANGLI,0,,0,0,0,0,81.9,65.41,2
BANGKA BARAT,0,0.92,0,0,0,4.76,71.22,60.96,2
BANGGAI LAUT,0,,0,0,0,0,44.71,31.9,3
BANGGAI,0,,0,0,0,0,53.36,39.62,3
BALANGAN,0,,0,0,0,0,70.88,61.97,2
ASMAT,0,,0,0,0,0,29.52,21.23,3
ALOR,0,,0,0,0,0,57.82,44.53,2
AGAM,0,,0,0,0,0,53.61,68.59,2
ACEH UTARA,0,,0,0,0,0,69.44,66.26,2
ACEH TIMUR,0,,0,0,0,0,67.74,63.3,2
ACEH TENGGARA,0,,0,0,0,0,70.59,71.28,2
ACEH TENGAH,0,,0,0,0,0,71.92,73.16,2
ACEH TAMIANG,0,,0,0,0,0,75.61,87.69,2
ACEH SINGKIL,0,,0,0,0,0,73.45,118.38,2
ACEH SELATAN,0,,0,0,0,0,69.1,65.79,2
ACEH JAYA,0,,0,0,0,0,81.61,93.44,2
ACEH BESAR,0,,0,0,0,0,71.19,107.84,2
ACEH BARAT DAYA,0,,0,0,0,0,77.53,91.34,2
ACEH BARAT,0,,0,0,0,0,78.26,82.81,2